,City,Lat,Lng,Date,CO,NO2,SO2,PM2_5
0,Pune,18.531,73.857,2020-11-24,1513.4828571428573,30.67571428571429,26.464285714285715,114.03714285714285
1,Pune,18.531,73.857,2020-11-25,1387.0208333333333,46.983750000000015,24.69666666666667,103.40375
2,Pune,18.531,73.857,2020-11-26,726.1245833333332,24.100416666666664,12.17,97.91333333333336
3,Pune,18.531,73.857,2020-11-27,390.94833333333344,6.257916666666667,7.771666666666665,63.2825
4,Pune,18.531,73.857,2020-11-28,533.3629166666668,8.40875,9.738750000000001,40.79291666666666
5,Pune,18.531,73.857,2020-11-29,1295.5066666666667,28.632499999999997,15.688749999999999,70.41625
6,Pune,18.531,73.857,2020-11-30,1385.9083333333335,35.25791666666667,18.279583333333335,81.99541666666666
7,Pune,18.531,73.857,2020-12-01,1264.35375,40.209166666666654,19.531250000000004,106.66000000000001
8,Pune,18.531,73.857,2020-12-02,1314.4229166666669,39.724166666666676,21.324583333333337,115.76083333333337
9,Pune,18.531,73.857,2020-12-03,1661.4195833333333,54.62875,25.718749999999996,140.85
10,Pune,18.531,73.857,2020-12-04,1657.6645833333332,51.87666666666666,22.44416666666667,157.04541666666668
11,Pune,18.531,73.857,2020-12-05,1122.2170833333332,34.67541666666666,17.739166666666666,126.1916666666667
12,Pune,18.531,73.857,2020-12-06,1206.3591666666669,38.11708333333334,18.5275,112.5225
13,Pune,18.531,73.857,2020-12-07,901.64,29.956666666666674,18.195416666666667,101.09041666666667
14,Pune,18.531,73.857,2020-12-08,1241.2670833333334,43.684999999999995,18.745,101.63749999999999
15,Pune,18.531,73.857,2020-12-09,1802.0270833333334,46.6975,29.489166666666662,119.05416666666666
16,Pune,18.531,73.857,2020-12-10,1436.3924999999997,46.418749999999996,25.054999999999996,212.97375
17,Pune,18.531,73.857,2020-12-11,1277.2883333333332,31.14833333333334,15.755833333333333,128.02333333333334
18,Pune,18.531,73.857,2020-12-12,869.7908333333334,23.14708333333333,15.132083333333334,113.21291666666669
19,Pune,18.531,73.857,2020-12-13,1581.31125,34.30166666666667,20.226249999999997,173.04208333333335
20,Pune,18.531,73.857,2020-12-14,2949.5550000000003,50.03125,36.53791666666666,240.3541666666667
21,Pune,18.531,73.857,2020-12-15,1158.5170833333334,26.209166666666672,15.990416666666667,116.97958333333334
22,Pune,18.531,73.857,2020-12-16,1110.9520833333333,31.028333333333332,14.903333333333336,115.97166666666669
23,Pune,18.531,73.857,2020-12-17,1395.5045833333334,30.12541666666667,18.69875,114.08708333333333
24,Pune,18.531,73.857,2020-12-18,1479.2287499999995,32.765,16.811250000000005,155.1654166666667
25,Pune,18.531,73.857,2020-12-19,917.2158333333332,26.690833333333334,12.955416666666665,94.37291666666665
26,Pune,18.531,73.857,2020-12-20,1098.0179166666665,32.720833333333324,17.212916666666665,79.52041666666666
27,Pune,18.531,73.857,2020-12-21,1588.1266666666668,39.75708333333335,25.450833333333335,112.13625
28,Pune,18.531,73.857,2020-12-22,1947.3637500000002,50.66375,33.33958333333332,146.95541666666662
29,Pune,18.531,73.857,2020-12-23,1858.9091666666666,47.359999999999985,30.29041666666666,186.74375
30,Pune,18.531,73.857,2020-12-24,1469.7712499999998,42.195,23.290833333333335,155.73750000000004
31,Pune,18.531,73.857,2020-12-25,1290.6399999999999,34.45499999999999,19.978333333333335,144.5683333333333
32,Pune,18.531,73.857,2020-12-26,1700.0837499999998,44.291666666666664,27.933749999999993,199.1291666666667
33,Pune,18.531,73.857,2020-12-27,1266.9970833333334,34.62,27.12125,182.73708333333335
34,Pune,18.531,73.857,2020-12-28,1302.04375,35.05916666666666,27.055833333333336,147.47583333333333
35,Pune,18.531,73.857,2020-12-29,1771.2920833333337,49.76624999999999,31.401666666666667,262.7750000000001
36,Pune,18.531,73.857,2020-12-30,1329.5808333333334,43.26041666666666,24.994583333333328,148.84416666666667
37,Pune,18.531,73.857,2020-12-31,1140.575833333333,32.40708333333334,17.459583333333335,104.47291666666668
38,Pune,18.531,73.857,2021-01-01,1362.9608333333333,32.45666666666667,15.824166666666663,110.04041666666667
39,Pune,18.531,73.857,2021-01-02,1590.4904166666663,43.19833333333332,26.27541666666667,155.57750000000001
40,Pune,18.531,73.857,2021-01-03,1347.9391666666663,37.505833333333335,19.656250000000004,180.38833333333332
41,Pune,18.531,73.857,2021-01-04,852.4070833333334,25.45500000000001,16.376250000000002,63.913749999999986
42,Pune,18.531,73.857,2021-01-05,1385.2133333333331,34.08041666666667,19.500833333333333,86.9858333333333
43,Pune,18.531,73.857,2021-01-06,1282.0179166666665,38.05083333333334,22.18291666666667,70.07125
44,Pune,18.531,73.857,2021-01-07,825.8429166666666,23.084583333333338,15.338749999999997,33.33875000000001
45,Pune,18.531,73.857,2021-01-08,1695.3558333333333,30.209999999999994,18.02625,86.51708333333333
46,Pune,18.531,73.857,2021-01-09,1337.6470833333335,22.559583333333336,12.84041666666667,70.99791666666668
47,Pune,18.531,73.857,2021-01-10,1097.4616666666666,23.480000000000004,14.144166666666665,73.19958333333334
48,Pune,18.531,73.857,2021-01-11,1608.8499999999997,28.85041666666666,17.678749999999997,101.48291666666664
49,Pune,18.531,73.857,2021-01-12,1883.1108333333339,31.90958333333332,20.040000000000003,150.94875
50,Pune,18.531,73.857,2021-01-13,2117.733333333334,34.59583333333334,30.632500000000007,159.4983333333333
51,Pune,18.531,73.857,2021-01-14,2255.5600000000004,46.83958333333334,29.534166666666668,183.85291666666663
52,Pune,18.531,73.857,2021-01-15,1465.6008333333336,44.48333333333334,34.436249999999994,205.83833333333334
53,Pune,18.531,73.857,2021-01-16,1327.35625,35.80583333333334,26.93166666666666,187.63583333333335
54,Pune,18.531,73.857,2021-01-17,1246.4125000000001,30.14291666666666,17.747916666666665,170.5075
55,Pune,18.531,73.857,2021-01-18,1386.0475,36.130833333333335,29.285833333333333,151.73375000000001
56,Pune,18.531,73.857,2021-01-19,1206.9154166666667,34.186666666666675,34.785,163.65375
57,Pune,18.531,73.857,2021-01-20,1194.9550000000002,31.119583333333335,26.702916666666667,147.62541666666664
58,Pune,18.531,73.857,2021-01-21,1647.7904166666667,48.54541666666666,36.95583333333333,259.8833333333333
59,Pune,18.531,73.857,2021-01-22,1604.3983333333333,54.88999999999999,32.052499999999995,204.86291666666668
60,Pune,18.531,73.857,2021-01-23,1213.0345833333333,35.787083333333335,27.24416666666667,191.51541666666665
61,Pune,18.531,73.857,2021-01-24,1165.19125,31.218333333333334,28.596666666666664,132.30083333333332
62,Pune,18.531,73.857,2021-01-25,1273.3933333333332,32.57375,27.891249999999996,201.64291666666665
63,Pune,18.531,73.857,2021-01-26,1109.7405882352941,30.991176470588236,19.831764705882353,203.97352941176473
64,Pune,18.531,73.857,2021-01-27,2912.52,76.20714285714287,62.738571428571426,496.6457142857143
65,Pune,18.531,73.857,2021-01-28,1425.2666666666664,35.77625,29.21208333333334,229.15874999999997
66,Pune,18.531,73.857,2021-01-29,1162.1320833333334,32.726666666666674,27.457500000000007,199.04416666666668
67,Pune,18.531,73.857,2021-01-30,872.2941666666666,23.5625,15.712916666666667,117.12750000000001
68,Pune,18.531,73.857,2021-01-31,948.7870833333333,25.550833333333333,16.075416666666666,110.19749999999999
69,Pune,18.531,73.857,2021-02-01,1203.8554166666665,31.423333333333336,18.562500000000004,117.42166666666664
70,Pune,18.531,73.857,2021-02-02,2023.9954166666669,43.214999999999996,33.35,160.26000000000002
71,Pune,18.531,73.857,2021-02-03,1889.506666666667,53.75,31.282083333333336,142.56916666666663
72,Pune,18.531,73.857,2021-02-04,1356.2845833333333,41.75916666666667,31.23375,183.03166666666664
73,Pune,18.531,73.857,2021-02-05,648.2412499999999,17.48375,18.850416666666664,81.80916666666666
74,Pune,18.531,73.857,2021-02-06,823.7570833333334,22.167083333333334,14.801666666666668,80.75124999999998
75,Pune,18.531,73.857,2021-02-07,1286.8845833333332,33.807916666666664,21.924583333333334,101.59916666666669
76,Pune,18.531,73.857,2021-02-08,1679.2233333333336,37.548750000000005,29.841250000000002,110.90333333333336
77,Pune,18.531,73.857,2021-02-09,1809.955,55.396666666666675,39.72708333333333,129.13291666666666
78,Pune,18.531,73.857,2021-02-10,1593.2720833333333,46.86583333333334,28.928750000000004,209.97124999999997
79,Pune,18.531,73.857,2021-02-11,1782.4191666666666,54.26833333333334,24.90416666666667,140.335
80,Pune,18.531,73.857,2021-02-12,1471.9962500000001,50.14499999999999,33.60666666666666,212.54375000000005
81,Pune,18.531,73.857,2021-02-13,998.2987499999999,32.654583333333335,28.084166666666665,108.77249999999998
82,Pune,18.531,73.857,2021-02-14,1127.9183333333333,37.72083333333334,28.75125,125.24416666666667
83,Pune,18.531,73.857,2021-02-15,984.1129166666666,28.009166666666673,27.01166666666666,127.52999999999999
84,Pune,18.531,73.857,2021-02-16,962.4162499999999,27.934583333333336,23.300416666666667,102.24583333333334
85,Pune,18.531,73.857,2021-02-17,1041.1345833333332,36.724583333333335,21.367500000000003,105.38499999999999
86,Pune,18.531,73.857,2021-02-18,867.8441666666668,26.88874999999999,18.184583333333336,70.13791666666665
87,Pune,18.531,73.857,2021-02-19,653.3874999999999,15.088749999999997,14.175833333333332,47.29333333333332
88,Pune,18.531,73.857,2021-02-20,632.3854166666666,11.736250000000004,13.440833333333337,67.33208333333333
89,Pune,18.531,73.857,2021-02-21,1047.8104166666665,22.224999999999998,16.300416666666667,92.33958333333334
90,Pune,18.531,73.857,2021-02-22,1581.0329166666663,45.922083333333326,30.468749999999996,121.65333333333335
91,Pune,18.531,73.857,2021-02-23,1446.9629166666666,32.93666666666666,25.089583333333326,177.7225
92,Pune,18.531,73.857,2021-02-24,1437.7833333333328,43.61208333333334,36.98500000000001,179.78875000000002
93,Pune,18.531,73.857,2021-02-25,848.9291666666664,21.935000000000002,20.21208333333333,71.47874999999999
94,Pune,18.531,73.857,2021-02-26,921.2504166666666,35.597500000000004,32.0525,77.84374999999999
95,Pune,18.531,73.857,2021-02-27,743.0916666666666,18.3625,15.8225,62.75458333333333
96,Pune,18.531,73.857,2021-02-28,1013.5975,29.591666666666665,19.555833333333332,72.91708333333334
97,Pune,18.531,73.857,2021-03-01,774.9412499999999,22.31041666666667,16.53625,60.069583333333334
98,Pune,18.531,73.857,2021-03-02,908.315,30.319999999999997,22.128333333333334,62.30583333333334
99,Pune,18.531,73.857,2021-03-03,1027.9216666666669,30.640416666666663,19.798750000000002,57.64041666666666
100,Pune,18.531,73.857,2021-03-04,1017.2133333333335,29.24291666666667,22.689583333333335,74.48749999999998
101,Pune,18.531,73.857,2021-03-05,900.38875,27.12375,24.55208333333333,94.46999999999998
102,Pune,18.531,73.857,2021-03-06,792.0474999999998,24.687916666666666,21.239166666666673,84.08708333333333
103,Pune,18.531,73.857,2021-03-07,741.1445833333332,20.632916666666663,19.032083333333333,55.586249999999986
104,Pune,18.531,73.857,2021-03-08,970.0654166666665,34.22500000000001,25.958333333333332,72.78625000000001
105,Pune,18.531,73.857,2021-03-09,823.8954166666666,24.941666666666666,22.9425,73.99833333333333
106,Pune,18.531,73.857,2021-03-10,803.7287500000001,25.08208333333333,28.824583333333333,79.56416666666668
107,Pune,18.531,73.857,2021-03-11,915.4091666666667,31.8775,33.23041666666666,75.97625000000001
108,Pune,18.531,73.857,2021-03-12,504.4345833333334,14.192916666666664,15.670833333333334,51.902499999999996
109,Pune,18.531,73.857,2021-03-13,738.9195833333333,18.82083333333333,14.152083333333332,63.27791666666667
110,Pune,18.531,73.857,2021-03-14,837.3678260869568,20.121739130434783,24.723478260869566,103.55260869565218
111,Pune,18.531,73.857,2021-03-15,779.6695833333334,21.533749999999998,27.647083333333338,84.31291666666667
112,Pune,18.531,73.857,2021-03-16,683.0100000000001,19.27291666666667,19.839166666666667,71.53125
113,Pune,18.531,73.857,2021-03-17,883.6987499999999,33.582499999999996,24.61666666666667,93.04333333333334
114,Pune,18.531,73.857,2021-03-18,515.9779166666666,13.682916666666666,23.012916666666666,79.58583333333335
115,Pune,18.531,73.857,2021-03-19,778.6954166666666,26.632500000000004,27.27333333333334,72.24416666666666
116,Pune,18.531,73.857,2021-03-20,892.8775,21.497916666666665,18.031666666666666,106.40791666666667
117,Pune,18.531,73.857,2021-03-21,1307.3287500000001,36.699999999999996,26.077916666666663,142.88208333333333
118,Pune,18.531,73.857,2021-03-22,1050.0354166666668,27.607916666666668,17.659166666666668,86.05458333333333
119,Pune,18.531,73.857,2021-03-23,1100.6599999999999,24.94416666666667,21.020416666666666,85.35083333333334
120,Pune,18.531,73.857,2021-03-24,1334.0312500000002,35.64833333333333,19.317500000000003,107.185
121,Pune,18.531,73.857,2021-03-25,707.0708333333332,20.162499999999998,18.83791666666667,58.58875
122,Pune,18.531,73.857,2021-03-26,635.5858333333332,16.93875,18.875416666666663,58.35666666666666
123,Pune,18.531,73.857,2021-03-27,619.1729166666667,13.44625,15.629583333333334,55.017499999999984
124,Pune,18.531,73.857,2021-03-28,733.77375,20.395,15.914583333333333,74.28875000000001
125,Pune,18.531,73.857,2021-03-29,478.70541666666674,14.300833333333339,22.933333333333326,66.49875000000002
126,Pune,18.531,73.857,2021-03-30,657.4204166666667,21.455416666666668,14.948750000000004,58.08625
127,Pune,18.531,73.857,2021-03-31,446.5795833333334,14.725416666666666,19.6,77.88416666666667
128,Pune,18.531,73.857,2021-04-01,361.88124999999997,10.397916666666665,9.325833333333334,74.84583333333335
129,Pune,18.531,73.857,2021-04-02,454.78375,12.644166666666669,7.780833333333334,83.82374999999999
130,Pune,18.531,73.857,2021-04-03,413.2,9.744583333333333,6.622083333333333,57.942499999999995
131,Pune,18.531,73.857,2021-04-04,677.5866666666666,18.554583333333333,15.049166666666665,81.96708333333332
132,Pune,18.531,73.857,2021-04-05,796.0787500000001,25.445833333333336,25.394166666666667,79.32166666666667
133,Pune,18.531,73.857,2021-04-06,628.9091666666667,19.01875,23.63791666666667,57.403333333333336
134,Pune,18.531,73.857,2021-04-07,596.3649999999999,23.277500000000003,32.1325,74.84916666666668
135,Pune,18.531,73.857,2021-04-08,495.3950000000002,14.162916666666662,12.3575,57.927916666666654
136,Pune,18.531,73.857,2021-04-09,956.1591666666667,30.244166666666672,34.073750000000004,104.055
137,Pune,18.531,73.857,2021-04-10,783.9808333333332,18.902083333333334,18.825000000000003,76.59375000000001
138,Pune,18.531,73.857,2021-04-11,723.7595833333334,17.355,17.976250000000004,81.56708333333334
139,Pune,18.531,73.857,2021-04-12,2364.17875,71.23375,52.168333333333344,181.38
140,Pune,18.531,73.857,2021-04-13,1476.58625,32.88166666666667,24.069166666666664,95.80291666666666
141,Pune,18.531,73.857,2021-04-14,1129.5875,23.888333333333332,22.417083333333334,79.36000000000001
142,Pune,18.531,73.857,2021-04-15,539.2041666666668,13.882500000000002,15.706666666666663,61.972500000000004
143,Pune,18.531,73.857,2021-04-16,601.9283333333332,21.65083333333334,20.827916666666663,56.0375
144,Pune,18.531,73.857,2021-04-17,553.6687499999999,15.308333333333335,13.780833333333332,56.39458333333332
145,Pune,18.531,73.857,2021-04-18,476.48041666666677,11.987916666666665,22.183333333333334,66.14958333333334
146,Pune,18.531,73.857,2021-04-19,363.6875,10.417916666666665,10.612499999999999,47.550000000000004
147,Pune,18.531,73.857,2021-04-20,431.00250000000005,15.865833333333333,17.01666666666667,58.798750000000005
148,Pune,18.531,73.857,2021-04-21,662.70375,23.764166666666668,20.50958333333333,77.85791666666668
149,Pune,18.531,73.857,2021-04-22,541.0133333333333,21.241249999999997,21.306666666666665,60.330833333333345
150,Pune,18.531,73.857,2021-04-23,571.3308333333333,22.815833333333334,23.267499999999995,70.81333333333335
151,Pune,18.531,73.857,2021-04-24,657.5591666666667,20.926250000000003,19.33166666666667,66.30291666666666
152,Pune,18.531,73.857,2021-04-25,532.3895833333333,15.39,15.680833333333332,57.17416666666667
153,Pune,18.531,73.857,2021-04-26,1065.1954166666667,33.32166666666667,28.535416666666663,140.65833333333333
154,Pune,18.531,73.857,2021-04-27,665.3483333333332,14.701666666666668,16.292083333333334,96.67666666666668
155,Pune,18.531,73.857,2021-04-28,915.4079166666667,23.985833333333332,21.86,132.3975
156,Pune,18.531,73.857,2021-04-29,660.3408333333333,14.505416666666667,16.575416666666666,90.29041666666664
157,Pune,18.531,73.857,2021-04-30,717.7804166666666,15.445,17.691249999999993,110.58166666666665
158,Pune,18.531,73.857,2021-05-01,1225.134166666667,28.439166666666665,18.06125,85.42166666666667
159,Pune,18.531,73.857,2021-05-02,1660.8637499999998,42.53875,28.909166666666664,119.70416666666667
160,Pune,18.531,73.857,2021-05-03,589.8291666666668,11.151250000000003,19.49375,98.44916666666666
161,Pune,18.531,73.857,2021-05-04,513.7524999999999,11.259166666666667,16.090416666666666,76.30166666666666
162,Pune,18.531,73.857,2021-05-05,601.5108333333334,18.139166666666664,21.495,69.84375000000001
163,Pune,18.531,73.857,2021-05-06,433.5054166666668,12.844999999999999,13.281250000000002,47.44083333333333
164,Pune,18.531,73.857,2021-05-07,1277.0099999999998,33.70541666666667,25.778333333333332,111.67416666666664
165,Pune,18.531,73.857,2021-05-08,532.9454166666667,11.393749999999999,16.177499999999995,59.91833333333332
166,Pune,18.531,73.857,2021-05-09,341.8533333333333,7.191666666666666,8.3225,32.53541666666666
167,Pune,18.531,73.857,2021-05-10,345.0525,7.496666666666667,9.299583333333333,36.51583333333333
168,Pune,18.531,73.857,2021-05-11,360.90749999999986,9.173333333333334,13.021666666666668,33.4575
169,Pune,18.531,73.857,2021-05-12,298.32166666666666,6.011666666666668,7.614166666666667,33.43458333333333
170,Pune,18.531,73.857,2021-05-13,486.355,14.974583333333335,15.284583333333337,45.365
171,Pune,18.531,73.857,2021-05-14,625.0137499999998,22.466666666666665,23.4825,43.16041666666666
172,Pune,18.531,73.857,2021-05-15,352.42333333333335,5.544583333333333,6.0108333333333315,9.289166666666665
173,Pune,18.531,73.857,2021-05-16,289.1429166666666,5.1816666666666675,4.842499999999999,6.242916666666667
174,Pune,18.531,73.857,2021-05-17,273.70500000000004,5.541250000000001,4.9070833333333335,3.6779166666666665
175,Pune,18.531,73.857,2021-05-18,274.1225,7.590833333333332,6.372083333333333,3.283333333333333
176,Pune,18.531,73.857,2021-05-19,313.62083333333334,9.660416666666666,7.689999999999999,10.33
177,Pune,18.531,73.857,2021-05-20,481.7650000000001,10.787083333333333,8.063333333333334,50.25916666666668
178,Pune,18.531,73.857,2021-05-21,351.4491666666666,6.304166666666667,7.1975000000000025,52.35083333333333
179,Pune,18.531,73.857,2021-05-22,327.38958333333335,4.590833333333332,3.919166666666666,43.60958333333334
180,Pune,18.531,73.857,2021-05-23,436.98291666666665,10.286666666666669,14.276666666666673,50.43875
181,Pune,18.531,73.857,2021-05-24,440.7375,19.55333333333333,19.405416666666667,40.303333333333335
182,Pune,18.531,73.857,2021-05-25,325.8591666666666,14.502916666666664,14.079999999999997,18.192916666666665
183,Pune,18.531,73.857,2021-05-26,236.50125,4.235833333333334,4.967916666666667,14.478333333333339
184,Pune,18.531,73.857,2021-05-27,248.67125,5.116666666666665,4.43875,9.730416666666667
185,Pune,18.531,73.857,2021-05-28,248.25250000000005,4.647083333333333,3.3575000000000004,8.950000000000001
186,Pune,18.531,73.857,2021-05-29,244.01291666666665,4.2370833333333335,3.4316666666666666,9.240833333333333
187,Pune,18.531,73.857,2021-05-30,282.04875000000004,7.825,5.691666666666666,7.157499999999998
188,Pune,18.531,73.857,2021-05-31,322.7991666666666,10.575416666666666,8.961666666666666,8.627916666666666
189,Pune,18.531,73.857,2021-06-01,422.37999999999994,14.8525,11.544166666666667,16.528333333333332
190,Pune,18.531,73.857,2021-06-02,541.2904166666667,14.87833333333333,11.065,21.455416666666668
191,Pune,18.531,73.857,2021-06-03,801.9208333333331,22.05583333333334,17.60625,55.45666666666667
192,Pune,18.531,73.857,2021-06-04,952.1249999999999,24.22708333333333,16.945416666666667,52.347500000000004
193,Pune,18.531,73.857,2021-06-05,409.0275000000001,13.827916666666667,8.591666666666667,13.211666666666666
194,Pune,18.531,73.857,2021-06-06,268.2816666666667,7.32125,5.825,9.36166666666667
195,Pune,18.531,73.857,2021-06-07,257.4329166666667,7.062083333333333,6.203749999999999,7.756666666666664
196,Pune,18.531,73.857,2021-06-08,239.07458333333338,4.9279166666666665,3.5204166666666663,4.054583333333333
197,Pune,18.531,73.857,2021-06-09,237.12625000000003,5.2004166666666665,3.733333333333334,4.413749999999999
198,Pune,18.531,73.857,2021-06-10,231.35666666666665,4.1075,3.3837499999999996,3.3029166666666665
199,Pune,18.531,73.857,2021-06-11,230.79916666666665,4.714583333333334,3.87375,2.8087499999999994
200,Pune,18.531,73.857,2021-06-12,222.94083333333333,2.839583333333333,1.9208333333333332,1.9220833333333338
201,Pune,18.531,73.857,2021-06-13,225.1675,3.945416666666667,3.0420833333333337,3.2587500000000005
202,Pune,18.531,73.857,2021-06-14,233.92833333333328,5.1137500000000005,4.678333333333333,4.835833333333333
203,Pune,18.531,73.857,2021-06-15,257.57125,7.494583333333334,6.562083333333333,6.138333333333333
204,Pune,18.531,73.857,2021-06-16,252.8441666666666,8.045833333333333,7.448333333333334,6.2891666666666675
205,Pune,18.531,73.857,2021-06-17,237.40666666666667,6.69875,6.331666666666667,5.0945833333333335
206,Pune,18.531,73.857,2021-06-18,229.40958333333333,5.572500000000001,4.967083333333332,4.0675
207,Pune,18.531,73.857,2021-06-19,226.69625,4.309166666666667,4.163749999999999,4.492916666666667
208,Pune,18.531,73.857,2021-06-20,236.71,4.97625,4.652083333333333,6.423750000000001
209,Pune,18.531,73.857,2021-06-21,245.88874999999996,4.8525,3.679166666666667,6.898333333333333
210,Pune,18.531,73.857,2021-06-22,251.03416666666666,4.952083333333333,3.6566666666666663,6.585833333333333
211,Pune,18.531,73.857,2021-06-23,257.57249999999993,6.912499999999999,4.976666666666666,8.074166666666665
212,Pune,18.531,73.857,2021-06-24,260.21416666666676,6.656666666666665,4.705416666666667,6.706250000000002
213,Pune,18.531,73.857,2021-06-25,241.99583333333337,4.505833333333334,3.053749999999999,6.256666666666667
214,Pune,18.531,73.857,2021-06-26,245.75083333333336,5.451250000000001,3.9858333333333333,8.0425
215,Pune,18.531,73.857,2021-06-27,335.73333333333335,13.0625,7.810000000000002,15.11625
216,Pune,18.531,73.857,2021-06-28,345.3304166666666,13.688333333333333,9.522083333333333,13.142500000000004
217,Pune,18.531,73.857,2021-06-29,278.57250000000005,8.068333333333333,5.955416666666669,7.374583333333334
218,Pune,18.531,73.857,2021-06-30,250.47874999999996,5.368333333333333,3.9187500000000006,6.356249999999999
219,Pune,18.531,73.857,2021-07-01,241.64625,5.093750000000001,4.511666666666668,5.896666666666665
220,Pune,18.531,73.857,2021-07-02,237.9625,6.135833333333334,5.084583333333333,7.216250000000001
221,Pune,18.531,73.857,2021-07-03,229.68708333333333,4.506666666666667,3.3716666666666666,9.633333333333335
222,Pune,18.531,73.857,2021-07-04,249.9920833333333,5.664166666666667,3.828333333333333,8.153333333333334
223,Pune,18.531,73.857,2021-07-05,295.81875,10.1875,8.186250000000001,17.74458333333333
224,Pune,18.531,73.857,2021-07-06,350.8933333333334,13.4925,8.593333333333332,19.138333333333332
225,Pune,18.531,73.857,2021-07-07,352.0058333333333,13.835416666666665,10.814583333333333,18.59375
226,Pune,18.531,73.857,2021-07-08,270.78541666666666,7.048750000000002,4.8675,7.5112499999999995
227,Pune,18.531,73.857,2021-07-09,258.2675,6.350000000000001,4.6395833333333325,7.836666666666666
228,Pune,18.531,73.857,2021-07-10,278.57291666666674,6.730416666666667,4.242916666666666,5.214166666666666
229,Pune,18.531,73.857,2021-07-11,286.0829166666667,8.827499999999999,7.347083333333334,5.350416666666667
230,Pune,18.531,73.857,2021-07-12,244.22000000000003,5.801666666666666,5.505,4.534583333333335
231,Pune,18.531,73.857,2021-07-13,243.80291666666673,4.4504166666666665,2.9483333333333337,4.1504166666666675
232,Pune,18.531,73.857,2021-07-14,253.1208333333333,5.552916666666666,4.216666666666666,3.822083333333333
233,Pune,18.531,73.857,2021-07-15,245.33333333333337,5.364583333333333,4.2891666666666675,4.275833333333332
234,Pune,18.531,73.857,2021-07-16,223.84583333333333,3.9812499999999997,2.9562500000000003,4.267499999999999
235,Pune,18.531,73.857,2021-07-17,222.03708333333327,3.983333333333334,2.51375,5.02625
236,Pune,18.531,73.857,2021-07-18,262.7175,7.433333333333334,5.079583333333335,7.12625
237,Pune,18.531,73.857,2021-07-19,224.60875000000001,4.265833333333334,2.9458333333333333,5.341666666666668
238,Pune,18.531,73.857,2021-07-20,214.04083333333332,3.595,2.1933333333333334,6.034166666666667
239,Pune,18.531,73.857,2021-07-21,204.37374999999994,3.1370833333333334,2.04625,7.778749999999999
240,Pune,18.531,73.857,2021-07-22,223.21916666666667,3.5454166666666667,2.3912499999999994,8.68875
241,Pune,18.531,73.857,2021-07-23,230.17374999999996,3.337916666666666,2.2550000000000003,8.14625
242,Pune,18.531,73.857,2021-07-24,207.22500000000002,2.714583333333333,1.959583333333333,8.197499999999998
243,Pune,18.531,73.857,2021-07-25,211.46874999999997,3.0004166666666667,2.122083333333333,8.560416666666669
244,Pune,18.531,73.857,2021-07-26,221.68999999999997,4.070416666666667,3.2120833333333336,8.442083333333331
245,Pune,18.531,73.857,2021-07-27,222.66374999999996,3.7304166666666667,3.35,8.086666666666668
246,Pune,18.531,73.857,2021-07-28,223.42833333333337,3.9891666666666663,3.0012500000000006,8.482083333333334
247,Pune,18.531,73.857,2021-07-29,224.47041666666675,3.525833333333333,2.3079166666666664,9.28375
248,Pune,18.531,73.857,2021-07-30,206.94750000000002,2.7566666666666664,1.8012499999999998,7.944583333333334
249,Pune,18.531,73.857,2021-07-31,197.28124999999997,1.8699999999999999,1.4737500000000006,9.05
250,Pune,18.531,73.857,2021-08-01,208.6170833333333,2.558333333333334,1.925,8.051666666666664
251,Pune,18.531,73.857,2021-08-02,207.99,2.965833333333334,2.2720833333333337,5.78625
252,Pune,18.531,73.857,2021-08-03,218.83791666666662,3.144166666666667,2.2083333333333335,5.555416666666667
253,Pune,18.531,73.857,2021-08-04,213.83124999999998,3.012916666666666,2.18,8.065416666666666
254,Pune,18.531,73.857,2021-08-05,221.89875000000004,3.2125,2.386666666666667,8.63125
255,Pune,18.531,73.857,2021-08-06,235.45833333333337,3.7083333333333344,3.07625,11.270416666666668
256,Pune,18.531,73.857,2021-08-07,243.24583333333328,5.403333333333333,4.294166666666666,12.055833333333332
257,Pune,18.531,73.857,2021-08-08,253.26083333333335,7.8187500000000005,6.365833333333334,9.981666666666667
258,Pune,18.531,73.857,2021-08-09,244.84625000000003,6.07875,4.963333333333334,7.696666666666666
259,Pune,18.531,73.857,2021-08-10,234.13708333333332,5.429166666666668,4.057916666666666,6.94
260,Pune,18.531,73.857,2021-08-11,248.25249999999997,6.068749999999998,4.259583333333332,8.101666666666667
261,Pune,18.531,73.857,2021-08-12,256.7375,6.762083333333334,5.037499999999999,9.495416666666667
262,Pune,18.531,73.857,2021-08-13,228.36499999999998,4.302499999999999,3.415416666666667,6.533749999999999
263,Pune,18.531,73.857,2021-08-14,215.15208333333328,3.556666666666667,2.8295833333333333,5.306666666666666
264,Pune,18.531,73.857,2021-08-15,233.02416666666662,4.461249999999999,3.411666666666667,5.939166666666668
265,Pune,18.531,73.857,2021-08-16,273.14791666666673,7.806250000000002,4.896249999999999,9.841666666666667
266,Pune,18.531,73.857,2021-08-17,279.5458333333334,8.2125,4.958749999999999,9.112916666666665
267,Pune,18.531,73.857,2021-08-18,256.6691666666666,7.189166666666665,4.472499999999999,8.852083333333331
268,Pune,18.531,73.857,2021-08-19,253.95666666666668,6.972916666666666,3.9816666666666674,6.765833333333333
269,Pune,18.531,73.857,2021-08-20,264.87291666666664,6.940416666666667,4.324583333333333,7.230833333333332
270,Pune,18.531,73.857,2021-08-21,244.56708333333333,5.863333333333334,4.495,4.91125
271,Pune,18.531,73.857,2021-08-22,309.17,8.309166666666668,6.61375,10.229999999999999
272,Pune,18.531,73.857,2021-08-23,315.28916666666663,9.366666666666665,7.438333333333333,11.664166666666665
273,Pune,18.531,73.857,2021-08-24,300.8258333333334,8.281249999999998,5.746250000000001,11.958750000000002
274,Pune,18.531,73.857,2021-08-25,255.34666666666672,7.464583333333331,5.284999999999999,7.4554166666666655
275,Pune,18.531,73.857,2021-08-26,268.07208333333335,8.310416666666665,5.860833333333333,6.934166666666667
276,Pune,18.531,73.857,2021-08-27,276.9720833333334,6.765000000000001,4.924166666666667,9.730416666666665
277,Pune,18.531,73.857,2021-08-28,261.88333333333327,6.785,4.105833333333333,10.437083333333332
278,Pune,18.531,73.857,2021-08-29,243.59416666666664,6.622083333333333,4.677916666666667,14.003750000000004
279,Pune,18.531,73.857,2021-08-30,388.0275,21.073333333333334,14.240833333333335,23.71708333333333
280,Pune,18.531,73.857,2021-08-31,258.40749999999997,7.705000000000002,5.5975,6.145833333333333
281,Pune,18.531,73.857,2021-09-01,249.1570833333333,7.23375,5.891666666666666,5.1883333333333335
282,Pune,18.531,73.857,2021-09-02,270.8545833333333,8.56625,7.442500000000003,6.13
283,Pune,18.531,73.857,2021-09-03,269.6720833333333,7.880833333333334,6.348749999999999,6.005
284,Pune,18.531,73.857,2021-09-04,244.70833333333326,5.803333333333334,3.48,4.262499999999999
285,Pune,18.531,73.857,2021-09-05,244.70708333333334,7.252500000000001,4.792916666666666,8.369583333333333
286,Pune,18.531,73.857,2021-09-06,425.8566666666666,22.80666666666666,16.023750000000003,22.534166666666664
287,Pune,18.531,73.857,2021-09-07,407.35874999999993,15.569583333333336,9.733749999999999,14.81
288,Pune,18.531,73.857,2021-09-08,212.37291666666658,4.321249999999999,3.787916666666666,5.583749999999999
289,Pune,18.531,73.857,2021-09-09,216.75166666666667,4.341250000000001,3.6145833333333326,5.887499999999999
290,Pune,18.531,73.857,2021-09-10,221.48124999999996,4.697500000000001,4.185833333333334,6.995416666666667
291,Pune,18.531,73.857,2021-09-11,207.8529166666667,4.3916666666666675,4.315833333333333,6.001666666666668
292,Pune,18.531,73.857,2021-09-12,224.33291666666665,4.262083333333332,3.2987500000000005,4.325833333333333
293,Pune,18.531,73.857,2021-09-13,222.73249999999996,3.799583333333333,3.044583333333334,9.300833333333335
294,Pune,18.531,73.857,2021-09-14,233.78875000000005,5.8933333333333335,5.868333333333332,7.785416666666667
295,Pune,18.531,73.857,2021-09-15,239.90875000000003,7.893750000000001,7.39375,9.12625
296,Pune,18.531,73.857,2021-09-16,268.62791666666675,8.959999999999999,7.7275,9.777083333333332
297,Pune,18.531,73.857,2021-09-17,260.7008333333334,8.238333333333335,6.530416666666667,9.492499999999998
298,Pune,18.531,73.857,2021-09-18,259.37958333333336,7.879583333333334,5.980833333333333,8.380833333333333
299,Pune,18.531,73.857,2021-09-19,283.7179166666666,6.675833333333333,4.958749999999999,5.567083333333334
300,Pune,18.531,73.857,2021-09-20,288.03083333333336,7.110416666666667,4.647083333333334,6.572916666666667
301,Pune,18.531,73.857,2021-09-21,276.90500000000003,8.017916666666666,5.2629166666666665,6.4725
302,Pune,18.531,73.857,2021-09-22,287.19625,7.800416666666668,5.413333333333334,8.457083333333332
303,Pune,18.531,73.857,2021-09-23,286.91749999999996,6.904166666666666,4.895,9.892083333333336
304,Pune,18.531,73.857,2021-09-24,286.0833333333333,7.463750000000001,4.3566666666666665,9.642916666666666
305,Pune,18.531,73.857,2021-09-25,288.30833333333334,7.788333333333331,4.471666666666667,9.383333333333333
306,Pune,18.531,73.857,2021-09-26,339.4883333333333,9.84083333333333,7.3691666666666675,19.275000000000002
307,Pune,18.531,73.857,2021-09-27,314.1758333333333,9.972500000000002,5.930833333333335,10.277916666666664
308,Pune,18.531,73.857,2021-09-28,255.48625000000004,5.974166666666666,4.996666666666667,4.611666666666667
309,Pune,18.531,73.857,2021-09-29,334.4816666666667,11.02375,9.130416666666667,7.225833333333334
310,Pune,18.531,73.857,2021-09-30,733.77375,15.195416666666665,14.905833333333332,35.54708333333333
311,Pune,18.531,73.857,2021-10-01,611.9408333333333,17.91541666666667,12.001249999999999,45.195
312,Pune,18.531,73.857,2021-10-02,999.6891666666666,17.73,12.348333333333334,46.04708333333334
313,Pune,18.531,73.857,2021-10-03,1153.5095833333332,29.43749999999999,22.331666666666663,78.5125
314,Pune,18.531,73.857,2021-10-04,1125.6925,24.19541666666667,15.482916666666668,129.56166666666664
315,Pune,18.531,73.857,2021-10-05,1019.1608333333334,22.145416666666662,14.454583333333332,49.15791666666667
316,Pune,18.531,73.857,2021-10-06,1073.6787499999998,22.292500000000004,13.97125,44.70375000000001
317,Pune,18.531,73.857,2021-10-07,1224.300416666667,25.045416666666668,16.736250000000002,66.25541666666665
318,Pune,18.531,73.857,2021-10-08,956.2966666666667,22.59875,13.14875,49.76125
319,Pune,18.531,73.857,2021-10-09,560.4820833333333,12.866249999999999,7.1825,21.777500000000003
320,Pune,18.531,73.857,2021-10-10,788.2929166666668,17.249166666666664,10.17125,44.14791666666665
321,Pune,18.531,73.857,2021-10-11,1215.5387499999997,19.543333333333337,15.852916666666667,76.76083333333334
322,Pune,18.531,73.857,2021-10-12,1563.649166666667,23.615416666666672,17.169583333333335,105.28750000000002
323,Pune,18.531,73.857,2021-10-13,1137.3766666666668,25.080416666666665,15.424166666666665,89.40041666666666
324,Pune,18.531,73.857,2021-10-14,917.3558333333335,21.5675,12.57166666666667,74.52833333333334
325,Pune,18.531,73.857,2021-10-15,1025.5579166666666,24.33,14.74333333333333,112.22875
326,Pune,18.531,73.857,2021-10-16,1054.48625,30.952916666666667,15.230416666666668,110.59333333333332
327,Pune,18.531,73.857,2021-10-17,513.4754166666665,6.959166666666667,13.05666666666667,99.37500000000004
328,Pune,18.531,73.857,2021-10-18,450.8904166666666,11.350833333333334,12.870416666666664,57.822083333333346
329,Pune,18.531,73.857,2021-10-19,911.3754166666666,23.758750000000003,18.28958333333333,93.86916666666667
330,Pune,18.531,73.857,2021-10-20,1182.9937499999999,24.03125,16.90375,86.88458333333334
331,Pune,18.531,73.857,2021-10-21,1732.350416666667,40.53875,28.05,117.85416666666667
332,Pune,18.531,73.857,2021-10-22,1397.1733333333334,43.43125,18.532499999999995,108.58666666666669
333,Pune,18.531,73.857,2021-10-23,933.07125,24.679166666666664,13.10375,95.10958333333336
334,Pune,18.531,73.857,2021-10-24,718.3345833333333,16.843333333333337,12.663333333333334,58.08375000000001
335,Pune,18.531,73.857,2021-10-25,1123.3295833333332,28.023333333333337,15.079999999999998,83.79791666666667
336,Pune,18.531,73.857,2021-10-26,989.6766666666664,28.95875,15.309166666666668,69.27708333333334
337,Pune,18.531,73.857,2021-10-27,588.5770833333332,16.3025,12.170416666666666,50.970416666666665
338,Pune,18.531,73.857,2021-10-28,598.7299999999999,14.397083333333335,12.199166666666668,70.53125
339,Pune,18.531,73.857,2021-10-29,556.7275,15.41833333333333,10.620416666666666,50.849583333333335
340,Pune,18.531,73.857,2021-10-30,599.5637500000001,15.721249999999998,9.808333333333334,62.348333333333336
341,Pune,18.531,73.857,2021-10-31,1106.7787499999997,29.396249999999995,14.02083333333333,110.69541666666667
342,Pune,18.531,73.857,2021-11-01,1058.1004166666667,29.760000000000005,13.121249999999996,111.4275
343,Pune,18.531,73.857,2021-11-02,671.1879166666668,19.031250000000004,12.104999999999999,67.38541666666667
344,Pune,18.531,73.857,2021-11-03,1164.9129166666667,21.851249999999997,15.457499999999998,38.245833333333344
345,Pune,18.531,73.857,2021-11-04,1116.7925,24.372500000000002,17.72791666666667,37.07708333333334
346,Pune,18.531,73.857,2021-11-05,821.3929166666667,19.3325,10.880833333333335,25.192500000000006
347,Pune,18.531,73.857,2021-11-06,899.2758333333333,22.368750000000002,11.814166666666663,44.149166666666666
348,Pune,18.531,73.857,2021-11-07,923.6524000000001,24.643599999999996,15.001600000000003,88.59880000000003
349,Pune,18.531,73.857,2021-11-08,1200.5166666666667,34.102083333333326,18.616249999999997,141.34708333333333
350,Pune,18.531,73.857,2021-11-09,1009.84125,25.09833333333333,15.581249999999999,108.51
351,Pune,18.531,73.857,2021-11-10,1173.8141666666668,32.16291666666667,16.485000000000003,113.40208333333332
352,Pune,18.531,73.857,2021-11-11,946.0054166666667,20.942916666666672,14.369583333333331,86.62666666666667
353,Pune,18.531,73.857,2021-11-12,714.3016666666667,13.28416666666667,9.52083333333333,120.63416666666666
354,Pune,18.531,73.857,2021-11-13,667.2937499999999,12.667916666666668,7.591666666666668,51.65833333333334
355,Pune,18.531,73.857,2021-11-14,959.9137500000002,24.03833333333333,11.173333333333337,39.57166666666668
356,Pune,18.531,73.857,2021-11-15,1026.8083333333336,25.519166666666663,12.496249999999998,40.150416666666665
357,Pune,18.531,73.857,2021-11-16,614.7225,18.72458333333333,12.0,16.442083333333336
358,Pune,18.531,73.857,2021-11-17,540.03875,14.597083333333332,13.43083333333333,16.080416666666668
359,Pune,18.531,73.857,2021-11-18,1633.8820833333336,25.058750000000003,16.445833333333333,74.45625
360,Pune,18.531,73.857,2021-11-19,788.290833333333,19.471249999999998,12.139583333333334,27.457916666666666
361,Pune,18.531,73.857,2021-11-20,551.5808333333333,9.745416666666666,8.032083333333334,10.595833333333333
362,Pune,18.531,73.857,2021-11-21,1071.175,26.24625,16.191249999999997,36.29541666666667
363,Pune,18.531,73.857,2021-11-22,1244.7433333333336,38.05041666666667,19.923749999999995,74.71666666666668
364,Pune,18.531,73.857,2021-11-23,2106.467916666667,32.701666666666675,19.341666666666665,119.75666666666665
365,Pune,18.531,73.857,2021-11-24,1466.988333333333,28.346666666666668,16.213749999999997,83.1875
366,Pune,18.531,73.857,2021-11-25,1408.29875,35.63999999999999,21.62666666666667,115.64291666666666
367,Pune,18.531,73.857,2021-11-26,2105.91125,43.24916666666666,26.872083333333325,179.07458333333332
368,Pune,18.531,73.857,2021-11-27,1051.7045833333332,29.207083333333333,13.604583333333332,116.24875000000003
369,Pune,18.531,73.857,2021-11-28,846.8416666666666,23.68541666666667,14.859583333333335,110.0675
370,Pune,18.531,73.857,2021-11-29,853.3795833333332,19.98208333333334,14.762916666666671,94.67791666666666
371,Pune,18.531,73.857,2021-11-30,777.4425,15.97958333333333,14.39,80.30541666666667
372,Pune,18.531,73.857,2021-12-01,750.4625000000001,18.135833333333334,13.212499999999999,81.08916666666666
373,Pune,18.531,73.857,2021-12-02,1527.0712500000002,24.56416666666667,18.4975,63.27624999999998
374,Pune,18.531,73.857,2021-12-03,2103.407916666666,34.55416666666667,29.499166666666664,97.32416666666666
375,Pune,18.531,73.857,2021-12-04,1934.5674999999999,62.27166666666668,36.517500000000005,121.30749999999999
376,Pune,18.531,73.857,2021-12-05,1085.64,26.078750000000003,18.57708333333333,100.31749999999998
377,Pune,18.531,73.857,2021-12-06,1733.1845833333336,32.047916666666666,17.362916666666667,154.67291666666662
378,Pune,18.531,73.857,2021-12-07,1535.694166666667,30.557916666666674,17.18166666666667,204.84041666666667
379,Pune,18.531,73.857,2021-12-08,1696.1891666666668,33.555416666666666,21.045,165.65499999999997
380,Pune,18.531,73.857,2021-12-09,1522.8991666666668,33.08041666666667,17.228333333333335,132.91416666666666
381,Pune,18.531,73.857,2021-12-10,1493.6920833333334,29.218749999999996,14.966250000000004,130.6025
382,Pune,18.531,73.857,2021-12-11,1350.7212499999998,28.249166666666664,15.241666666666667,111.50375000000003
383,Pune,18.531,73.857,2021-12-12,1977.4037499999995,32.73500000000001,20.91583333333333,138.17416666666668
384,Pune,18.531,73.857,2021-12-13,2327.0449999999996,58.18125000000001,29.842083333333335,195.5954166666667
385,Pune,18.531,73.857,2021-12-14,2778.7687499999997,64.01083333333334,46.26333333333334,216.2725
386,Pune,18.531,73.857,2021-12-15,2399.087916666667,40.74166666666667,20.644583333333333,118.50166666666665
387,Pune,18.531,73.857,2021-12-16,2363.4824999999996,43.477083333333326,28.253333333333327,142.31
388,Pune,18.531,73.857,2021-12-17,2007.1674999999998,41.088333333333345,18.864583333333336,177.44000000000003
389,Pune,18.531,73.857,2021-12-18,1055.3195833333334,29.20083333333334,12.70125,124.58749999999998
390,Pune,18.531,73.857,2021-12-19,1621.9208333333333,36.99583333333334,18.780416666666664,187.5716666666667
391,Pune,18.531,73.857,2021-12-20,2597.68875,56.57291666666666,39.309999999999995,251.10166666666666
392,Pune,18.531,73.857,2021-12-21,2087.8312499999997,70.91541666666666,39.49833333333334,267.11
393,Pune,18.531,73.857,2021-12-22,2317.0312499999995,87.56291666666665,50.38625,318.28625
394,Pune,18.531,73.857,2021-12-23,1971.0066666666662,56.19333333333332,34.57541666666666,327.6366666666667
395,Pune,18.531,73.857,2021-12-24,1333.4754166666664,39.67208333333333,29.712916666666658,213.18583333333333
396,Pune,18.531,73.857,2021-12-25,1221.1020833333334,35.78541666666667,24.338750000000005,127.02791666666668
397,Pune,18.531,73.857,2021-12-26,1538.1979166666663,42.05125000000001,26.63291666666666,192.82583333333332
398,Pune,18.531,73.857,2021-12-27,2226.909166666667,65.40708333333335,37.680833333333325,229.18208333333337
399,Pune,18.531,73.857,2021-12-28,1345.1579166666663,30.367083333333337,21.442916666666665,189.98833333333332
400,Pune,18.531,73.857,2021-12-29,921.248333333333,29.228333333333335,13.702083333333334,80.47041666666668
401,Pune,18.531,73.857,2021-12-30,786.3425000000001,22.958750000000006,15.67125,55.40958333333334
402,Pune,18.531,73.857,2021-12-31,1001.9141666666668,28.515833333333333,13.50416666666667,75.56083333333335
403,Pune,18.531,73.857,2022-01-01,1403.0137499999998,29.077083333333334,13.602083333333335,99.11333333333333
404,Pune,18.531,73.857,2022-01-02,1157.1254166666665,30.394166666666663,14.719583333333334,84.35125
405,Pune,18.531,73.857,2022-01-03,2123.43625,36.134166666666665,20.47625,154.2895833333333
406,Pune,18.531,73.857,2022-01-04,2352.357083333334,48.82833333333332,31.132916666666663,189.5008333333333
407,Pune,18.531,73.857,2022-01-05,2081.4333333333334,62.71916666666667,37.26375,228.74500000000003
408,Pune,18.531,73.857,2022-01-06,1578.5291666666665,34.958749999999995,30.668333333333337,209.46291666666664
409,Pune,18.531,73.857,2022-01-07,693.4399999999999,16.122083333333336,15.159166666666662,80.65458333333332
410,Pune,18.531,73.857,2022-01-08,801.7829166666666,20.656249999999996,10.995,75.57124999999999
411,Pune,18.531,73.857,2022-01-09,871.8774999999999,22.23041666666667,13.937916666666666,57.401666666666664
412,Pune,18.531,73.857,2022-01-10,1194.9537500000001,33.41625,22.589166666666667,112.19250000000001
413,Pune,18.531,73.857,2022-01-11,1010.8141666666666,23.340416666666666,18.13958333333333,148.0220833333333
414,Pune,18.531,73.857,2022-01-12,1218.3195833333334,35.8975,16.315833333333334,106.35874999999997
415,Pune,18.531,73.857,2022-01-13,1119.8512500000002,23.54833333333332,14.815833333333332,167.3375
416,Pune,18.531,73.857,2022-01-14,999.6891666666667,25.48625000000001,12.159583333333336,103.47333333333331
417,Pune,18.531,73.857,2022-01-15,921.8058333333332,25.665833333333335,11.3175,61.337916666666665
418,Pune,18.531,73.857,2022-01-16,1341.26375,31.466666666666672,15.332916666666664,81.45791666666666
419,Pune,18.531,73.857,2022-01-17,2022.7425000000003,34.37166666666668,22.20125,128.24916666666667
420,Pune,18.531,73.857,2022-01-18,1506.4875,34.307916666666664,23.398749999999996,120.73666666666666
421,Pune,18.531,73.857,2022-01-19,1488.96375,35.297083333333326,17.962916666666665,105.28083333333332
422,Pune,18.531,73.857,2022-01-20,1332.2229166666666,30.96208333333334,14.7025,184.19833333333335
423,Pune,18.531,73.857,2022-01-21,734.1908333333334,20.517083333333336,12.692083333333334,97.52125000000002
424,Pune,18.531,73.857,2022-01-22,310.4211764705882,5.8747058823529406,5.605294117647058,15.93470588235294
425,Pune,18.531,73.857,2022-01-23,1552.5814285714284,33.541428571428575,21.287142857142857,120.70857142857143
426,Pune,18.531,73.857,2022-01-24,1257.8170833333334,44.76333333333333,21.660416666666666,97.20375
427,Pune,18.531,73.857,2022-01-25,1261.4325000000001,41.188333333333325,17.209166666666665,100.07916666666667
428,Pune,18.531,73.857,2022-01-26,1441.1208333333334,42.352916666666665,19.361250000000002,101.96666666666665
429,Pune,18.531,73.857,2022-01-27,919.4408333333332,27.268750000000008,16.5025,73.24541666666667
430,Pune,18.531,73.857,2022-01-28,1170.8925,33.14416666666666,17.732916666666664,86.22291666666666
431,Pune,18.531,73.857,2022-01-29,1915.3758333333333,51.463750000000005,31.2825,141.24041666666665
432,Pune,18.531,73.857,2022-01-30,1629.71,53.86541666666667,35.57916666666667,183.85499999999993
433,Pune,18.531,73.857,2022-01-31,1698.1370833333333,54.61166666666666,45.685833333333335,190.01125
434,Pune,18.531,73.857,2022-02-01,1789.928333333334,60.99125000000001,36.22999999999999,166.22625
435,Pune,18.531,73.857,2022-02-02,943.7795833333333,24.670833333333334,30.632083333333338,167.62875000000005
436,Pune,18.531,73.857,2022-02-03,412.6429166666667,11.412083333333333,12.114166666666668,52.88333333333335
437,Pune,18.531,73.857,2022-02-04,1240.4320833333334,41.865833333333335,23.129166666666663,155.23041666666668
438,Pune,18.531,73.857,2022-02-05,1299.262083333333,40.93125,18.313749999999995,152.86249999999998
439,Pune,18.531,73.857,2022-02-06,1306.3545833333335,41.62875000000001,22.887916666666666,153.79333333333332
440,Pune,18.531,73.857,2022-02-07,1009.1466666666666,25.46416666666667,22.966666666666665,133.79833333333332
441,Pune,18.531,73.857,2022-02-08,732.1041666666666,22.30416666666667,17.0325,78.68250000000002
442,Pune,18.531,73.857,2022-02-09,726.1241666666666,23.665833333333328,14.009583333333333,72.31375
443,Pune,18.531,73.857,2022-02-10,977.2970833333335,31.65458333333334,19.133750000000003,81.91625
444,Pune,18.531,73.857,2022-02-11,1166.0262500000001,35.288333333333334,22.703333333333333,93.28874999999998
445,Pune,18.531,73.857,2022-02-12,1112.3424999999997,34.60041666666667,17.965416666666666,104.99624999999999
446,Pune,18.531,73.857,2022-02-13,1043.36,32.172083333333326,21.81583333333334,116.23208333333332
447,Pune,18.531,73.857,2022-02-14,911.6533333333335,23.478333333333335,20.26583333333333,64.10791666666667
448,Pune,18.531,73.857,2022-02-15,1012.3449999999998,30.715416666666666,21.849166666666665,88.42250000000001
449,Pune,18.531,73.857,2022-02-16,1293.6995833333335,37.744166666666665,20.38875,120.93541666666665
450,Pune,18.531,73.857,2022-02-17,1169.6420833333332,31.693333333333328,21.070833333333333,116.91208333333333
451,Pune,18.531,73.857,2022-02-18,1075.0695833333332,32.240833333333335,23.544583333333335,100.02416666666666
452,Pune,18.531,73.857,2022-02-19,642.0464705882354,15.682352941176468,29.163529411764703,91.27823529411765
453,Pune,18.531,73.857,2022-02-20,2190.59,65.19142857142857,55.96142857142858,202.18142857142854
454,Pune,18.531,73.857,2022-02-21,1333.05875,47.62833333333333,36.78541666666667,101.12791666666668
455,Pune,18.531,73.857,2022-02-22,1872.537916666667,59.34125,38.70291666666666,177.1483333333333
456,Pune,18.531,73.857,2022-02-23,1566.8475,48.240833333333335,33.915416666666665,141.7675
457,Pune,18.531,73.857,2022-02-24,1154.34375,33.96958333333333,30.81958333333333,134.92125000000001
458,Pune,18.531,73.857,2022-02-25,1088.00375,43.15291666666665,36.29874999999999,112.32208333333337
459,Pune,18.531,73.857,2022-02-26,872.9899999999999,26.917083333333327,24.198749999999993,77.12875000000001
460,Pune,18.531,73.857,2022-02-27,1045.8616666666665,33.83083333333334,37.709583333333335,95.83666666666666
461,Pune,18.531,73.857,2022-02-28,1030.0083333333334,33.36208333333334,32.28708333333333,83.90875
462,Pune,18.531,73.857,2022-03-01,743.7870833333333,18.839166666666667,22.491250000000004,82.20708333333332
463,Pune,18.531,73.857,2022-03-02,816.3858333333333,25.08083333333333,25.828750000000003,89.81083333333333
464,Pune,18.531,73.857,2022-03-03,659.3666666666667,16.840000000000003,19.68958333333333,65.71458333333332
465,Pune,18.531,73.857,2022-03-04,599.1462500000001,13.43583333333333,18.35833333333333,68.08125
466,Pune,18.531,73.857,2022-03-05,683.1479166666668,15.80958333333333,18.159583333333334,88.04833333333333
467,Pune,18.531,73.857,2022-03-06,1116.5149999999999,32.82833333333334,28.858750000000004,126.2116666666667
468,Pune,18.531,73.857,2022-03-07,626.6829166666666,14.20375,20.419999999999998,86.325
469,Pune,18.531,73.857,2022-03-08,1023.1924999999998,25.95375,26.076249999999998,122.60041666666667
470,Pune,18.531,73.857,2022-03-09,831.4058333333332,17.884583333333335,17.09625,61.973749999999995
471,Pune,18.531,73.857,2022-03-10,1813.8491666666662,52.473333333333336,32.75166666666667,129.72625
472,Pune,18.531,73.857,2022-03-11,1745.6995833333333,58.174583333333324,38.8425,119.56541666666669
473,Pune,18.531,73.857,2022-03-12,1123.7462500000001,31.200833333333335,16.728749999999998,80.18416666666666
474,Pune,18.531,73.857,2022-03-13,748.4047826086957,19.803478260869564,15.32782608695652,53.41478260869565
475,Pune,18.531,73.857,2022-03-14,924.4479166666666,26.48291666666667,18.23416666666667,56.26666666666667
476,Pune,18.531,73.857,2022-03-15,914.0174999999999,29.137500000000003,18.22583333333333,63.15041666666667
477,Pune,18.531,73.857,2022-03-16,821.94875,20.009166666666665,15.006250000000001,62.55083333333334
478,Pune,18.531,73.857,2022-03-17,1048.6441666666667,30.71416666666666,22.69416666666667,73.675
479,Pune,18.531,73.857,2022-03-18,599.145,14.426250000000003,24.467499999999998,81.26125
480,Pune,18.531,73.857,2022-03-19,528.9116666666665,14.652916666666664,20.182083333333335,68.42291666666667
481,Pune,18.531,73.857,2022-03-20,516.9508333333333,15.052916666666667,17.784999999999997,69.04333333333334
482,Pune,18.531,73.857,2022-03-21,890.9308333333335,28.087500000000002,27.83125,108.49291666666666
483,Pune,18.531,73.857,2022-03-22,702.7579166666666,20.602500000000003,14.449999999999998,53.86499999999999
484,Pune,18.531,73.857,2022-03-23,655.88875,15.056666666666667,21.234166666666663,104.65666666666665
485,Pune,18.531,73.857,2022-03-24,480.0954166666667,12.362083333333333,11.566666666666668,80.65999999999998
486,Pune,18.531,73.857,2022-03-25,523.7658333333333,13.479166666666666,13.704583333333332,82.67
487,Pune,18.531,73.857,2022-03-26,475.3666666666666,10.949583333333331,14.265833333333333,58.016249999999985
488,Pune,18.531,73.857,2022-03-27,566.6004166666667,17.00583333333333,19.77541666666667,71.28375000000001
489,Pune,18.531,73.857,2022-03-28,737.3883333333333,24.37833333333333,29.705416666666665,85.48708333333333
490,Pune,18.531,73.857,2022-03-29,608.74125,15.726666666666668,15.4325,63.00791666666667
491,Pune,18.531,73.857,2022-03-30,487.88374999999996,16.00916666666667,18.930833333333336,52.06999999999999
492,Pune,18.531,73.857,2022-03-31,715.8312499999998,24.009583333333328,34.33208333333333,84.91125000000001
493,Pune,18.531,73.857,2022-04-01,837.5254166666665,25.97083333333333,25.707916666666673,121.39083333333336
494,Pune,18.531,73.857,2022-04-02,441.70999999999987,12.763333333333334,14.945833333333333,103.22666666666669
495,Pune,18.531,73.857,2022-04-03,502.7654166666667,11.517083333333334,12.968333333333332,62.841249999999995
496,Pune,18.531,73.857,2022-04-04,475.08791666666656,13.116666666666669,13.814999999999998,67.31958333333334
497,Pune,18.531,73.857,2022-04-05,376.065,10.70833333333333,13.381250000000001,48.17833333333334
498,Pune,18.531,73.857,2022-04-06,458.67749999999995,13.941666666666665,17.62208333333333,54.03333333333333
499,Pune,18.531,73.857,2022-04-07,573.4158333333334,20.28833333333333,22.843333333333334,68.57708333333335
500,Pune,18.531,73.857,2022-04-08,460.3458333333333,12.896250000000002,10.780000000000003,52.40333333333334
501,Pune,18.531,73.857,2022-04-09,317.9320833333333,6.451250000000001,6.077916666666666,37.666666666666664
502,Pune,18.531,73.857,2022-04-10,429.61041666666665,13.623333333333333,17.769583333333333,53.74333333333333
503,Pune,18.531,73.857,2022-04-11,533.5016666666667,17.302916666666665,20.158749999999998,69.71749999999999
504,Pune,18.531,73.857,2022-04-12,690.1029166666667,22.484583333333333,26.514166666666668,74.0225
505,Pune,18.531,73.857,2022-04-13,614.8616666666667,20.78083333333333,23.410416666666666,70.99166666666666
506,Pune,18.531,73.857,2022-04-14,405.55041666666665,10.585833333333333,10.753750000000002,55.74458333333333
507,Pune,18.531,73.857,2022-04-15,389.1379166666666,12.088333333333333,11.542500000000002,38.05166666666667
508,Pune,18.531,73.857,2022-04-16,347.97166666666664,10.319999999999999,12.193333333333333,43.97625
509,Pune,18.531,73.857,2022-04-17,324.4674999999999,9.010833333333332,10.826666666666666,42.25916666666665
510,Pune,18.531,73.857,2022-04-18,457.0079166666667,14.647916666666665,17.402916666666666,64.53875
511,Pune,18.531,73.857,2022-04-19,597.6162499999999,22.171666666666667,20.67708333333333,65.48583333333333
512,Pune,18.531,73.857,2022-04-20,473.00250000000005,11.443749999999996,13.527083333333332,55.13166666666666
513,Pune,18.531,73.857,2022-04-21,648.1004166666667,18.38416666666667,15.390833333333335,55.744166666666665
514,Pune,18.531,73.857,2022-04-22,1013.4587500000001,30.847083333333334,24.512083333333333,109.02541666666666
515,Pune,18.531,73.857,2022-04-23,531.1358333333333,11.674583333333333,13.0775,76.67125000000001
516,Pune,18.531,73.857,2022-04-24,553.2504166666669,16.104583333333338,13.780833333333334,58.44499999999999
517,Pune,18.531,73.857,2022-04-25,718.0579166666666,20.29041666666667,24.596666666666664,74.66958333333334
518,Pune,18.531,73.857,2022-04-26,631.55125,16.086250000000003,21.51875,59.674583333333324
519,Pune,18.531,73.857,2022-04-27,692.4662499999998,20.733333333333334,16.28166666666667,55.82583333333334
520,Pune,18.531,73.857,2022-04-28,356.5941666666667,10.036666666666665,12.384583333333333,40.86708333333333
521,Pune,18.531,73.857,2022-04-29,431.27958333333345,11.48625,16.939166666666665,52.35583333333333
522,Pune,18.531,73.857,2022-04-30,301.10375000000005,7.273750000000001,7.679166666666666,30.60375
523,Pune,18.531,73.857,2022-05-01,289.28125000000006,5.33125,6.259583333333334,30.842499999999998
524,Pune,18.531,73.857,2022-05-02,329.61375000000004,8.274999999999999,7.655833333333333,34.069583333333334
525,Pune,18.531,73.857,2022-05-03,511.6658333333333,13.794583333333334,12.119583333333333,49.79541666666668
526,Pune,18.531,73.857,2022-05-04,495.67250000000007,17.54041666666667,18.184583333333336,61.54458333333332
527,Pune,18.531,73.857,2022-05-05,468.55125,18.634583333333328,16.49791666666667,61.181250000000006
528,Pune,18.531,73.857,2022-05-06,450.1933333333334,15.647916666666667,14.488333333333335,74.26666666666667
529,Pune,18.531,73.857,2022-05-07,373.7008333333333,10.705833333333333,14.352083333333335,73.50958333333334
530,Pune,18.531,73.857,2022-05-08,367.3029166666666,10.521666666666667,14.64,60.68541666666667
531,Pune,18.531,73.857,2022-05-09,346.9983333333334,11.229583333333336,13.90458333333333,49.16333333333335
532,Pune,18.531,73.857,2022-05-10,378.5683333333332,16.59,17.304583333333337,45.540416666666665
533,Pune,18.531,73.857,2022-05-11,267.0291666666667,5.595416666666666,7.723333333333333,33.653333333333336
534,Pune,18.531,73.857,2022-05-12,234.76291666666668,4.9608333333333325,5.471249999999999,36.851666666666674
535,Pune,18.531,73.857,2022-05-13,230.7291666666667,3.739166666666666,3.2579166666666666,60.06958333333332
536,Pune,18.531,73.857,2022-05-14,266.8904166666666,5.794583333333333,5.1875,46.52458333333333
537,Pune,18.531,73.857,2022-05-15,276.48625000000004,6.242916666666667,7.729166666666667,46.18583333333333
538,Pune,18.531,73.857,2022-05-16,363.4099999999999,11.35375,15.758749999999997,68.20416666666667
539,Pune,18.531,73.857,2022-05-17,359.5166666666667,11.219166666666666,12.28375,103.18291666666666
540,Pune,18.531,73.857,2022-05-18,408.4700000000001,14.985833333333332,17.125833333333333,150.14166666666668
541,Pune,18.531,73.857,2022-05-19,308.47375000000005,8.283333333333337,11.128750000000004,102.15583333333332
542,Pune,18.531,73.857,2022-05-20,215.64,3.591666666666667,3.9570833333333337,48.17416666666668
543,Pune,18.531,73.857,2022-05-21,207.01874999999998,1.8208333333333337,1.7183333333333337,31.11583333333333
544,Pune,18.531,73.857,2022-05-22,214.17875,1.9987500000000002,2.0712499999999996,10.06
545,Pune,18.531,73.857,2022-05-23,229.82458333333338,2.763333333333333,2.735416666666666,8.55
546,Pune,18.531,73.857,2022-05-24,242.55083333333332,4.6025,4.691666666666666,14.089166666666664
547,Pune,18.531,73.857,2022-05-25,255.48541666666662,4.947500000000001,6.242083333333333,17.78958333333333
548,Pune,18.531,73.857,2022-05-26,234.76250000000002,3.7737499999999997,4.752083333333334,10.7475
549,Pune,18.531,73.857,2022-05-27,222.1075,3.21875,3.494166666666668,8.673333333333336
550,Pune,18.531,73.857,2022-05-28,210.8416666666667,2.555833333333333,2.860833333333334,5.210416666666666
551,Pune,18.531,73.857,2022-05-29,217.65583333333333,3.098333333333333,3.5058333333333334,8.28625
552,Pune,18.531,73.857,2022-05-30,235.24916666666664,4.7941666666666665,5.677499999999999,10.067916666666667
553,Pune,18.531,73.857,2022-05-31,278.57208333333335,9.102083333333333,12.209166666666663,15.461250000000001
554,Pune,18.531,73.857,2022-06-01,296.6525,8.301249999999998,12.362916666666665,26.303333333333338
555,Pune,18.531,73.857,2022-06-02,284.41333333333336,9.195833333333335,11.542499999999997,17.348750000000006
556,Pune,18.531,73.857,2022-06-03,307.5,6.796666666666667,12.042916666666665,33.49333333333332
557,Pune,18.531,73.857,2022-06-04,294.2870833333333,8.291666666666666,11.563749999999997,26.069583333333327
558,Pune,18.531,73.857,2022-06-05,276.06916666666666,7.313333333333333,8.632499999999999,18.547499999999996
559,Pune,18.531,73.857,2022-06-06,262.16041666666666,6.745000000000002,6.230416666666666,13.624166666666667
560,Pune,18.531,73.857,2022-06-07,247.83458333333328,5.254166666666667,5.754583333333334,5.307500000000001
561,Pune,18.531,73.857,2022-06-08,263.5525,7.367083333333334,6.404583333333335,4.9387500000000015
562,Pune,18.531,73.857,2022-06-09,299.85125,10.802916666666667,10.016250000000001,6.532083333333333
563,Pune,18.531,73.857,2022-06-10,316.26250000000005,11.047499999999998,10.17625,6.744166666666666
564,Pune,18.531,73.857,2022-06-11,257.84999999999997,7.427083333333332,6.69125,2.952083333333333
565,Pune,18.531,73.857,2022-06-12,293.03625000000005,8.430416666666666,7.462500000000001,4.593333333333333
566,Pune,18.531,73.857,2022-06-13,270.2283333333333,8.307916666666666,8.486666666666666,4.74125
567,Pune,18.531,73.857,2022-06-14,250.06083333333333,6.708749999999999,6.493333333333335,5.788749999999999
568,Pune,18.531,73.857,2022-06-15,246.16833333333332,6.414999999999999,5.9799999999999995,5.50875
569,Pune,18.531,73.857,2022-06-16,250.5483333333333,7.820416666666669,7.038333333333334,3.8074999999999997
570,Pune,18.531,73.857,2022-06-17,254.37250000000003,8.170833333333333,6.814583333333334,4.225416666666667
571,Pune,18.531,73.857,2022-06-18,231.70249999999996,6.1291666666666655,5.590416666666666,3.019166666666667
572,Pune,18.531,73.857,2022-06-19,241.85583333333338,7.227916666666665,6.254583333333333,2.81625
573,Pune,18.531,73.857,2022-06-20,271.3404166666666,9.096250000000001,7.043333333333334,4.531666666666667
574,Pune,18.531,73.857,2022-06-21,276.7641666666667,9.698333333333334,8.717083333333331,4.45875
575,Pune,18.531,73.857,2022-06-22,423.6304166666667,19.664583333333333,16.737499999999997,15.366666666666667
576,Pune,18.531,73.857,2022-06-23,452.97583333333336,16.194166666666664,12.002500000000003,12.839166666666666
577,Pune,18.531,73.857,2022-06-24,345.4683333333334,10.098333333333336,8.07875,5.659166666666667
578,Pune,18.531,73.857,2022-06-25,404.9933333333334,11.244166666666667,8.978749999999998,8.912500000000001
579,Pune,18.531,73.857,2022-06-26,277.0420833333333,7.317916666666666,6.239166666666666,4.243333333333333
580,Pune,18.531,73.857,2022-06-27,251.03499999999997,7.452083333333334,6.664999999999999,3.9525
581,Pune,18.531,73.857,2022-06-28,259.2408333333333,8.47375,7.337083333333333,5.890000000000001
582,Pune,18.531,73.857,2022-06-29,251.45125,7.764583333333333,6.0349999999999975,4.382916666666666
583,Pune,18.531,73.857,2022-06-30,247.69750000000002,7.017083333333332,5.509166666666665,4.1866666666666665
584,Pune,18.531,73.857,2022-07-01,245.47208333333336,5.68,4.317500000000001,4.868750000000001
585,Pune,18.531,73.857,2022-07-02,227.8779166666667,4.6812499999999995,4.159999999999999,4.987916666666668
586,Pune,18.531,73.857,2022-07-03,246.58416666666665,6.690416666666667,5.9674999999999985,5.968333333333333
587,Pune,18.531,73.857,2022-07-04,244.35874999999996,5.320000000000001,4.432083333333334,4.653333333333333
588,Pune,18.531,73.857,2022-07-05,248.94875,5.764583333333334,4.6745833333333335,5.593333333333334
589,Pune,18.531,73.857,2022-07-06,256.18083333333334,7.570416666666667,6.30125,6.072916666666665
590,Pune,18.531,73.857,2022-07-07,232.81583333333333,3.8816666666666664,3.06625,5.49125
591,Pune,18.531,73.857,2022-07-08,240.67458333333335,4.491666666666667,3.115416666666667,7.77
592,Pune,18.531,73.857,2022-07-09,226.83500000000004,3.199583333333333,2.2449999999999997,5.595833333333334
593,Pune,18.531,73.857,2022-07-10,234.13749999999996,3.9683333333333337,2.815416666666667,6.250416666666667
594,Pune,18.531,73.857,2022-07-11,237.2670833333333,4.2754166666666675,2.8233333333333337,4.751249999999999
595,Pune,18.531,73.857,2022-07-12,228.57416666666666,3.716666666666667,2.6325000000000007,5.129583333333334
596,Pune,18.531,73.857,2022-07-13,224.47,2.903333333333333,2.231666666666667,4.796666666666667
597,Pune,18.531,73.857,2022-07-14,218.90750000000003,3.6283333333333334,3.217916666666667,6.90625
598,Pune,18.531,73.857,2022-07-15,228.9908333333333,4.272083333333334,3.82,7.272083333333331
599,Pune,18.531,73.857,2022-07-16,223.2195833333333,4.027916666666667,3.694583333333334,6.487916666666666
600,Pune,18.531,73.857,2022-07-17,224.40291666666667,3.1683333333333334,2.6333333333333333,7.552916666666666
601,Pune,18.531,73.857,2022-07-18,247.00166666666664,4.701666666666667,3.779166666666668,6.742916666666666
602,Pune,18.531,73.857,2022-07-19,240.13888888888883,4.789444444444445,3.908333333333333,7.795
603,Pune,18.531,73.857,2022-07-21,242.54999999999998,5.2716666666666665,3.7750000000000004,7.656666666666669
604,Pune,18.531,73.857,2022-07-22,247.55750000000003,6.067500000000002,4.676666666666667,8.745416666666669
605,Pune,18.531,73.857,2022-07-23,229.89458333333332,4.2387500000000005,3.2062500000000003,4.447500000000001
606,Pune,18.531,73.857,2022-07-24,247.83625000000004,5.974166666666668,5.004999999999999,6.211666666666667
607,Pune,18.531,73.857,2022-07-25,260.6295833333333,8.611249999999998,6.906250000000001,8.528333333333334
